<?xml version="1.0" encoding="UTF-8"?>
<project-private xmlns="http://www.netbeans.org/ns/project-private/1">
    <editor-bookmarks xmlns="http://www.netbeans.org/ns/editor-bookmarks/2" lastBookmarkId="1">
        <file>
            <url>src/MotorLogico/FrameE.java</url>
            <bookmark id="1">
                <name/>
                <line>392</line>
                <key/>
            </bookmark>
        </file>
    </editor-bookmarks>
    <open-files xmlns="http://www.netbeans.org/ns/projectui-open-files/2">
        <group>
            <file>file:/media/mitch/MITCH/cuarto%20semestre/POE/ParcialMitch/src/MotorLogico/FrameE.java</file>
            <file>file:/media/mitch/MITCH/cuarto%20semestre/POE/ParcialMitch/src/MotorLogico/Frame.java</file>
            <file>file:/media/mitch/MITCH/cuarto%20semestre/POE/ParcialMitch/src/parcialmitch/ParcialMitch.java</file>
        </group>
    </open-files>
</project-private>
